epsilon,chi2,kl,mmd,rmse,empa_bias_bua,empa_bias_tda
0.1,12917728.668416778,1.7779311996500502,0.013840779988033014,5.553528489479099,0.894427190999916,0.894427190999916
0.01,69127196.80929863,4.822782649286311,0.021200819426356488,55.535234913084565,0.894427190999916,0.894427190999916
0.001,68973388.21416701,4.838719299559415,0.021706190380646584,555.3473510096848,0.894427190999916,0.894427190999916
